画像	始点X	始点Y	終点X	終点Y	o有無	o地味派手	o丈	oR	oG	oB	o目詰	o目粗	o薄	o厚	o軽	o重	o柔	o堅	oツル	oザラ	o模様	i地味派手	i丈	iR	iG	iB	i目詰	i目粗	i薄	i厚	i軽	i重	i柔	i堅	iツル	iザラ	i模様	b地味派手	b丈	bR	bG	bB	b目詰	b目粗	b薄	b厚	b軽	b重	b柔	b堅	bツル	bザラ	b模様	
000000001.jpg	337	13	583	803	1	0	1	78	35	46	0	0	1	0	1	0	1	0	0	0	0	0	1	78	35	46	0	0	1	0	1	0	1	0	0	0	0	0	1	32	29	37	0	0	0	1	0	0	1	0	0	0	0
000000002.jpg	64	40	544	967	1	0	1	134	114	104	0	0	0	1	0	0	0	1	0	1	0	0	1	134	114	104	0	0	1	0	1	0	0	0	0	0	1	0	1	30	42	49	1	0	0	0	0	0	0	1	0	1	0
000000003.jpg	57	14	143	248	1	0	1	40	48	51	0	0	0	1	0	0	1	0	0	0	0	0	1	40	48	51	0	0	0	0	0	0	0	0	0	0	0	0	1	94	116	113	0	0	0	0	0	0	0	0	1	0	0
000000004.jpg	91	25	296	681	1	0	1	74	76	91	0	0	0	0	0	0	0	0	1	0	0	1	1	74	76	91	0	1	1	0	0	0	1	0	0	0	6	0	1	85	118	173	0	0	0	0	0	0	0	0	0	1	0
000000005.jpg	163	23	349	558	1	0	0.7	96	100	83	0	0	0	0	1	0	0	0	0	1	0	0	0.7	96	100	83	0	0	1	0	0	0	1	0	0	0	3	0	1	14	18	31	0	0	0	0	0	0	0	1	0	1	0
000000006.jpg	112	10	286	578	1	0	1	32	33	36	0	0	0	1	0	1	1	0	0	0	0	0	1	32	33	36	0	0	1	0	1	0	1	0	0	0	0	0	1	94	97	86	0	0	0	1	0	0	1	0	0	0	0
000000007.jpg	191	15	453	860	1	1	0	106	103	101	0	1	0	1	0	0	1	0	0	0	1	0	1	106	103	101	0	0	0	0	0	0	1	0	0	0	0	0	1	105	105	106	0	0	1	0	0	0	0	0	1	0	0
000000008.jpg	68	13	232	564	1	0	1	72	75	89	0	0	0	0	0	0	0	0	0	0	0	0	1	72	75	89	0	0	0	1	0	0	1	0	0	0	4	0	1	5	2	14	0	0	0	1	0	0	1	0	0	0	0
000000009.jpg	114	29	221	457	1	0	1	38	38	45	0	0	0	0	0	1	1	0	0	0	0	0	1	38	38	45	0	0	1	0	1	0	0	0	0	0	3	0	1	132	115	104	0	0	0	0	0	0	0	0	1	0	0
000000010.jpg	183	39	343	601	1	0	1	51	63	83	1	0	0	0	0	0	0	0	0	1	0	0	1	51	63	83	0	0	0	0	1	0	1	0	0	0	0	0	1	142	165	183	0	0	0	0	0	0	0	0	0	1	0
000000011.jpg	77	14	241	454	1	0	0.7	60	58	60	0	0	1	0	1	0	1	0	0	0	4	0	0.3	60	58	60	0	0	0	0	0	0	1	0	0	0	0	0	1	22	20	22	0	0	0	1	0	0	1	0	0	0	0
000000012.jpg	229	38	375	626	1	0	0	174	158	141	1	0	0	0	1	0	0	0	0	1	4	0	0.3	174	158	141	0	0	1	0	1	0	1	0	0	0	0	0	1	89	97	94	0	0	1	0	1	0	0	0	0	0	4
000000013.jpg	109	28	265	577	1	0	1	28	26	28	0	0	0	1	0	0	0	0	0	0	0	0	1	28	26	28	0	0	1	0	0	0	1	0	0	0	0	0	1	131	113	100	0	0	0	0	0	0	1	0	1	0	0
000000014.jpg	79	2	165	261	1	0	1	21	23	29	0	0	0	1	0	0	0	0	0	0	0	0	1	21	23	29	0	0	1	0	1	0	0	0	0	0	0	0	1	131	114	98	0	0	0	0	0	0	0	0	1	0	0
000000015.jpg	82	21	506	857	1	0	1	38	52	70	0	0	0	1	0	1	1	0	1	0	0	0	1	38	52	70	0	0	0	0	0	0	0	0	0	1	0	0	1	15	24	38	0	0	0	0	0	0	1	0	1	0	0
000000016.jpg	38	7	155	269	0	0	1	255	255	255	0	0	0	0	0	0	0	0	0	0	0	0	0.5	255	255	255	0	0	1	0	0	0	0	0	0	0	0	0	0.7	238	232	216	0	1	1	0	0	0	1	0	0	0	0
000000017.jpg	184	12	440	639	1	0	1	59	72	61	0	0	0	1	0	0	0	0	1	0	0	0	1	59	72	61	0	0	0	1	0	0	1	0	0	0	0	0	1	36	73	110	0	0	1	0	0	0	0	0	0	1	0
000000018.jpg	0	0	0	0	1	0	1	255	255	255	0	0	0	0	0	0	0	0	0	0	0	0	1	255	255	255	0	0	0	0	0	0	0	0	0	0	0	0	1	255	255	255	0	0	0	0	0	0	0	0	0	0	0
000000019.jpg	287	8	597	398	1	0	1	2	3	4	0	0	0	0	0	0	0	1	1	0	0	0	1	2	3	4	0	0	1	0	0	0	0	0	1	0	0	0	1	96	138	169	0	0	0	0	0	0	0	0	0	1	0
000000021.jpg	78	8	244	456	0	0	0.5	41	39	41	0	0	0	0	0	0	0	0	0	0	0	0	0.5	41	39	41	0	0	1	0	0	0	0	0	0	1	0	0	1	21	20	19	0	0	0	1	0	0	0	1	0	0	0
000000023.jpg	53	1	167	290	1	0	1	11	9	11	0	0	0	1	0	1	0	0	0	0	0	0	1	11	9	11	0	0	1	0	0	0	0	0	0	0	2	0	1	201	172	149	0	0	0	0	1	0	0	0	0	0	0
000000024.jpg	358	0	519	403	1	0	1	201	166	125	0	0	0	1	0	1	0	0	0	0	0	0	1	201	166	125	0	0	1	0	0	0	0	0	0	0	2	0	0.7	11	12	15	0	0	0	0	0	0	1	0	0	0	0
000000025.jpg	126	23	309	564	1	0	0.3	249	248	253	0	0	1	0	1	0	0	0	0	0	0	0	0.7	249	248	253	0	0	1	0	0	0	0	0	1	0	0	0	1	12	19	28	1	0	0	0	0	0	0	1	0	0	0
000000026.jpg	0	0	0	0	1	0	1	255	255	255	0	0	0	0	0	0	0	0	0	0	0	0	1	255	255	255	0	0	0	0	0	0	0	0	0	0	0	0	1	255	255	255	0	0	0	0	0	0	0	0	0	0	0
000000027.jpg	131	5	367	631	0	0	1	255	255	255	0	0	0	0	0	0	0	0	0	0	0	0	0.5	255	255	255	0	0	1	0	0	0	0	0	0	1	4	0	1	31	33	39	0	0	0	0	0	0	0	1	0	0	0
000000028.jpg	229	13	559	564	1	0	1	29	27	31	1	0	0	0	0	0	1	0	0	0	0	0	0.7	29	27	31	0	0	1	0	0	0	0	0	0	0	0	0	1	246	232	214	0	0	1	0	0	0	0	0	0	0	0
000000029.jpg	274	6	600	400	1	0	1	13	14	17	0	0	0	0	0	0	0	1	1	0	0	0	1	13	14	17	0	0	1	0	0	0	0	0	1	0	0	0	1	91	135	165	0	0	0	0	0	0	0	0	0	1	0
000000030.jpg	118	0	275	465	0	0	1	121	148	174	0	0	0	0	0	0	0	1	0	1	0	0	1	121	148	174	0	0	0	0	0	0	0	1	0	1	0	0	1	206	193	194	0	0	1	0	0	0	1	0	0	0	0
000000031.jpg	84	19	150	259	1	0	1	72	82	67	1	0	0	1	1	0	1	0	1	0	0	0	1	72	82	67	1	0	1	0	1	0	1	0	1	0	0	0	1	39	69	114	0	1	1	0	0	1	0	1	0	1	0
000000032.jpg	224	21	700	869	1	0	1	48	49	78	1	0	1	0	1	0	1	0	1	0	0	0	1	48	49	78	1	0	1	0	1	0	1	0	1	0	0	0	1	96	61	50	1	0	1	0	1	1	0	1	1	0	0
000000033.jpg	72	5	163	263	1	0	1	21	23	29	1	0	1	0	0	1	0	1	1	0	0	0	1	21	23	29	1	0	1	0	1	0	1	0	1	0	0	0	1	112	96	79	1	0	1	0	0	1	0	1	1	0	0
000000034.jpg	104	11	300	698	1	0	1	37	36	44	1	0	1	0	0	1	0	1	1	0	0	0	1	37	36	44	0	1	1	0	1	0	1	0	0	1	6	0	1	32	34	41	1	0	1	0	0	1	0	1	1	0	0
000000035.jpg	109	18	270	581	1	0	0	26	24	26	1	0	1	0	1	0	1	0	1	0	0	0	0.3	26	24	26	1	0	1	0	1	0	1	0	1	0	0	0	1	120	116	106	1	0	1	0	0	1	0	1	1	0	0
000000036.jpg	97	2	409	569	1	0	1	35	33	35	1	0	0	1	0	1	1	0	1	0	0	0	1	35	33	35	1	0	1	0	1	0	1	0	1	0	0	0	1	15	16	19	1	0	1	0	0	1	0	1	1	0	0
000000037.jpg	355	8	554	400	1	0	1	27	27	32	1	0	0	1	0	1	1	0	1	0	0	0	1	27	27	32	1	0	1	0	1	0	1	0	1	0	0	0	1	160	164	174	0	1	1	0	1	0	1	0	1	0	6
000000038.jpg	140	7	262	575	1	0	1	179	178	151	1	0	1	0	1	0	1	0	1	0	0	0	1	179	178	151	1	0	1	0	1	0	1	0	1	0	0	0	1	34	34	41	1	0	1	0	0	1	0	1	1	0	0
000000039.jpg	161	33	349	622	0	0	1	28	49	84	1	0	1	0	0	1	1	0	1	0	0	0	1	28	49	84	1	0	1	0	0	1	1	0	1	0	0	0	1	240	239	236	1	0	1	0	1	0	1	0	1	0	0
000000041.jpg	45	8	198	338	1	0	1	198	207	215	1	0	1	0	1	0	1	0	1	0	0	0	1	198	207	215	1	0	1	0	1	0	1	0	1	0	0	0	1	245	231	221	1	0	1	0	1	0	1	0	1	0	0
000000042.jpg	164	3	464	863	1	0	1	84	55	57	0	1	0	1	0	1	0	1	1	0	6	0	1	84	55	57	0	1	0	1	0	1	0	1	1	0	6	0	1	18	19	20	1	0	1	0	0	1	0	1	1	0	0
000000043.jpg	58	34	198	552	1	0	1	187	188	193	1	0	1	0	1	0	1	0	1	0	0	0	1	187	188	193	1	0	1	0	1	0	1	0	1	0	0	0	1	32	31	36	1	0	1	0	0	1	0	1	1	0	0
000000044.jpg	203	16	369	655	1	0	1	134	186	199	1	0	1	0	1	0	1	0	1	0	0	0	1	134	186	199	1	0	1	0	1	0	1	0	1	0	0	0	1	81	80	92	1	0	1	0	0	1	0	1	1	0	0
000000045.jpg	134	4	401	586	1	0	1	245	247	250	1	0	1	0	1	0	1	0	1	0	3	0	1	245	247	250	1	0	1	0	1	0	1	0	1	0	0	0	1	72	71	70	1	0	1	0	0	1	0	1	1	0	0
000000046.png	411	6	520	328	1	0	1	129	139	155	1	0	1	0	1	0	1	0	1	0	2	0	1	129	139	155	1	0	1	0	1	0	1	0	1	0	0	0	1	192	189	184	1	0	1	0	1	0	1	0	1	0	0
000000047.jpg	481	20	710	771	1	0	1	64	99	147	1	0	1	0	1	0	1	0	1	0	4	0	1	64	99	147	1	0	1	0	1	0	1	0	1	0	0	0	1	41	40	54	1	0	1	0	0	1	0	1	1	0	0
000000048.jpg	179	62	350	615	1	0	1	27	35	39	1	0	1	0	0	1	0	1	1	0	0	0	1	27	35	39	1	0	1	0	0	1	0	1	1	0	0	0	1	37	38	47	1	0	1	0	0	1	0	1	1	0	0
000000049.jpg	33	2	124	307	1	0	1	88	106	159	1	0	1	0	1	0	1	0	1	0	0	0	1	88	106	159	1	0	1	0	1	0	1	0	1	0	3	0	1	254	252	253	1	0	1	0	1	0	1	0	1	0	0
000000050.jpg	120	28	277	562	1	0	1	48	54	95	1	0	1	0	0	1	0	1	1	0	0	0	1	48	54	95	1	0	1	0	1	0	1	0	1	0	0	0	1	47	53	77	1	0	1	0	0	1	0	1	1	0	0